<?xml version="1.0" encoding="UTF-8"?>
<!DOCTYPE mapper PUBLIC "-//mybatis.org//DTD Mapper 3.0//EN" "http://mybatis.org/dtd/mybatis-3-mapper.dtd">
<mapper namespace="com.lijunjie.tmall.dao.ProductImageMapper">
  <resultMap id="BaseResultMap" type="com.lijunjie.tmall.bean.ProductImage">
    <id column="id" jdbcType="INTEGER" property="id" />
    <result column="type" jdbcType="VARCHAR" property="type" />
    <association property="product" column="pid" select="com.lijunjie.tmall.dao.ProductMapper.queryProductById"></association>
  </resultMap>
  <sql id="Example_Where_Clause">
    <where>
      <foreach collection="oredCriteria" item="criteria" separator="or">
        <if test="criteria.valid">
          <trim prefix="(" prefixOverrides="and" suffix=")">
            <foreach collection="criteria.criteria" item="criterion">
              <choose>
                <when test="criterion.noValue">
                  and ${criterion.condition}
                </when>
                <when test="criterion.singleValue">
                  and ${criterion.condition} #{criterion.value}
                </when>
                <when test="criterion.betweenValue">
                  and ${criterion.condition} #{criterion.value} and #{criterion.secondValue}
                </when>
                <when test="criterion.listValue">
                  and ${criterion.condition}
                  <foreach close=")" collection="criterion.value" item="listItem" open="(" separator=",">
                    #{listItem}
                  </foreach>
                </when>
              </choose>
            </foreach>
          </trim>
        </if>
      </foreach>
    </where>
  </sql>
  <sql id="Base_Column_List">
    id, pid, type
  </sql>
  <select id="selectByExample" parameterType="com.lijunjie.tmall.bean.ProductImageExample" resultMap="BaseResultMap">
    select
    <if test="distinct">
      distinct
    </if>
    'false' as QUERYID,
    <include refid="Base_Column_List" />
    from productimage
    <if test="_parameter != null">
      <include refid="Example_Where_Clause" />
    </if>
    <if test="orderByClause != null">
      order by ${orderByClause}
    </if>
  </select>
  <select id="selectByPrimaryKey" parameterType="java.lang.Integer" resultMap="BaseResultMap">
    select 
    <include refid="Base_Column_List" />
    from productimage
    where id = #{id,jdbcType=INTEGER}
  </select>
  <delete id="deleteByPrimaryKey" parameterType="java.lang.Integer">
    delete from productimage
    where id = #{id,jdbcType=INTEGER}
  </delete>
  <insert id="insert" keyColumn="id" keyProperty="id" parameterType="com.lijunjie.tmall.bean.ProductImage" useGeneratedKeys="true">
    insert into productimage (pid, type)
    values (#{product.id,jdbcType=INTEGER}, #{type,jdbcType=VARCHAR})
  </insert>
  <insert id="insertSelective" keyColumn="id" keyProperty="id" parameterType="com.lijunjie.tmall.bean.ProductImage" useGeneratedKeys="true">
    insert into productimage
    <trim prefix="(" suffix=")" suffixOverrides=",">
      <if test="pid != null">
        pid,
      </if>
      <if test="type != null">
        type,
      </if>
    </trim>
    <trim prefix="values (" suffix=")" suffixOverrides=",">
      <if test="pid != null">
        #{product.id,jdbcType=INTEGER},
      </if>
      <if test="type != null">
        #{type,jdbcType=VARCHAR},
      </if>
    </trim>
  </insert>
  <update id="updateByPrimaryKeySelective" parameterType="com.lijunjie.tmall.bean.ProductImage">
    update productimage
    <set>
      <if test="pid != null">
        pid = #{pid,jdbcType=INTEGER},
      </if>
      <if test="type != null">
        type = #{type,jdbcType=VARCHAR},
      </if>
    </set>
    where id = #{id,jdbcType=INTEGER}
  </update>
  <update id="updateByPrimaryKey" parameterType="com.lijunjie.tmall.bean.ProductImage">
    update productimage
    set pid = #{product.id,jdbcType=INTEGER},
      type = #{type,jdbcType=VARCHAR}
    where id = #{id,jdbcType=INTEGER}
  </update>
</mapper>