<?xml version="1.0" encoding="UTF-8"?>
<beans xmlns="http://www.springframework.org/schema/beans"
	xmlns:xsi="http://www.w3.org/2001/XMLSchema-instance"
	xmlns:p="http://www.springframework.org/schema/p"
	xmlns:context="http://www.springframework.org/schema/context"
	xmlns:aop="http://www.springframework.org/schema/aop"
	xmlns:tx="http://www.springframework.org/schema/tx"
	xsi:schemaLocation="http://www.springframework.org/schema/beans
        http://www.springframework.org/schema/beans/spring-beans.xsd
       http://www.springframework.org/schema/context
       http://www.springframework.org/schema/context/spring-context.xsd
       http://www.springframework.org/schema/aop
       http://www.springframework.org/schema/aop/spring-aop.xsd http://www.springframework.org/schema/tx http://www.springframework.org/schema/tx/spring-tx.xsd">

	<context:component-scan
		base-package="com.lijunjie.tmall">
		<context:exclude-filter type="annotation"
			expression="org.springframework.stereotype.Controller"></context:exclude-filter>
	</context:component-scan>

	<!--加载jdbc.properties配置文件 -->
	<context:property-placeholder
		location="classpath:jdbc.properties" file-encoding="UTF-8" order="1" />

	<bean id="dataSource"
		class="com.alibaba.druid.pool.DruidDataSource" init-method="init"
		destroy-method="close">
		<!-- 基本属性 url、user、password -->
		<property name="url" value="${mysql.url}" />
		<property name="username" value="${mysql.username}" />
		<property name="password" value="${mysql.password}" />
		<property name="driverClassName" value="${mysql.dirver}" />

		<!-- 配置初始化大小、最小、最大 -->
		<property name="initialSize" value="3" />
		<property name="minIdle" value="3" />
		<property name="maxActive" value="20" />

		<!-- 配置获取连接等待超时的时间 -->
		<property name="maxWait" value="60000" />

		<!-- 配置间隔多久才进行一次检测，检测需要关闭的空闲连接，单位是毫秒 -->
		<property name="timeBetweenEvictionRunsMillis" value="60000" />

		<!-- 配置一个连接在池中最小生存的时间，单位是毫秒 -->
		<property name="minEvictableIdleTimeMillis" value="300000" />

		<property name="validationQuery" value="SELECT 1" />
		<property name="testWhileIdle" value="true" />
		<property name="testOnBorrow" value="false" />
		<property name="testOnReturn" value="false" />

		<!-- 打开PSCache，并且指定每个连接上PSCache的大小 -->
		<property name="poolPreparedStatements" value="true" />
		<property name="maxPoolPreparedStatementPerConnectionSize"
			value="20" />
	</bean>

	<!--spring和mybatis整合的配置 -->
	<bean id="sqlSessionFactory"
		class="org.mybatis.spring.SqlSessionFactoryBean">
		<!--注入数据源 -->
		<property name="dataSource" ref="dataSource"></property>
		<!--加载mybatis全局配置文件 -->
		<property name="configLocation"
			value="classpath:mybatis-config.xml"></property>
	</bean>
	
	<bean class="org.mybatis.spring.mapper.MapperScannerConfigurer">
		<!--扫描dao层的mapper接口所在的package -->
		<property name="basePackage" value="com.lijunjie.tmall.dao"></property>
		<property name="sqlSessionFactoryBeanName"
			value="sqlSessionFactory"></property>
	</bean>
</beans>